"cr5bc_available","cr5bc_description","exchangerate","cr5bc_gender","importsequencenumber","cr5bc_petinformationid","cr5bc_petname","cr5bc_petpicture","cr5bc_petprice","cr5bc_petprice_base","cr5bc_pettype","statuscode","statecode","timezoneruleversionnumber","utcconversiontimezonecode","versionnumber","transactioncurrencyid","owningbusinessunit"
"Yes","","1","","","8308fa99-1c67-f011-bec3-000d3a300ff9","Apple","https://cdn.pixabay.com/photo/2022/12/26/11/44/squirrel-7678830_1280.jpg","55","55","Rodent","1","0","","","4182096","a2230e98-9764-f011-bec2-6045bd08cc28","fa36cc89-5d64-f011-bec2-6045bd08cc28"
"","","","Male","","d3bb3b05-221a-f111-8341-00224809a567","Dee Dee","","","","Rodent","1","0","","","4182094","","fa36cc89-5d64-f011-bec2-6045bd08cc28"
"Yes","","1","","","7e08fa99-1c67-f011-bec3-000d3a300ff9","Red","https://cdn.pixabay.com/photo/2016/11/22/19/30/squirrel-1850210_1280.jpg","55","55","Rodent","1","0","","","4005738","a2230e98-9764-f011-bec2-6045bd08cc28","fa36cc89-5d64-f011-bec2-6045bd08cc28"
"Yes","Kinder is named after the kinder joy chocolate egg. Kinder was found on the side of the road with her nose stuck in a crumpled kinder joy egg. Kinder is very playful and she needs a very playful family that will love her forever.","1","female","","5f75f29f-1c67-f011-bec3-000d3a300ff9","Kinder","https://cdn.pixabay.com/photo/2018/12/02/19/54/australian-shepherd-3851985_1280.jpg","100","100","Dog","1","0","","","4005734","a2230e98-9764-f011-bec2-6045bd08cc28","fa36cc89-5d64-f011-bec2-6045bd08cc28"
"Yes","Electric, or as we call her Electro. She is a very good girl. She loves people so she wants a big family to go home with.","1","Female","","edb618dd-7d68-f011-bec2-000d3a300ff9","Electric the Parakeet","https://i.pinimg.com/originals/40/60/dd/4060dd7cacec5b3899e97576d861c2fb.jpg","35","35","Bird","1","0","","","3841727","a2230e98-9764-f011-bec2-6045bd08cc28","fa36cc89-5d64-f011-bec2-6045bd08cc28"
"Yes","Sailor is a beautiful chicken who is not meant to be eaten. She is merely to be kept as a pet with other chickens.
","1","Male","","7e8be19e-0668-f011-bec2-000d3a300ff9","Sailor","https://cdn.pixabay.com/photo/2019/02/27/01/30/road-island-red-4023239_1280.jpg","6","6","Chickens","1","0","","","3801650","a2230e98-9764-f011-bec2-6045bd08cc28","fa36cc89-5d64-f011-bec2-6045bd08cc28"
"Yes","Psych is a very generous bird. If you let her out she will come back with a surprise.","1","Female","","1e70196e-7d68-f011-bec2-000d3a300ff9","Psych the Parakeet","https://preview.redd.it/spangle-rainbow-v0-3n0vaopnk0l81.jpg?auto=webp&s=788913645320ad8ddefc3180bf4a915ea743f32a","35","35","Bird","1","0","","","3801642","a2230e98-9764-f011-bec2-6045bd08cc28","fa36cc89-5d64-f011-bec2-6045bd08cc28"
"Yes","Scotty is an older cat who needs a loving home.
","1","Female","","ac08fa99-1c67-f011-bec3-000d3a300ff9","Scotty","https://cdn.pixabay.com/photo/2017/11/09/21/41/cat-2934720_1280.jpg","75","75","Cat","1","0","","","3757923","a2230e98-9764-f011-bec2-6045bd08cc28","fa36cc89-5d64-f011-bec2-6045bd08cc28"
"Yes","Cute cat who hates pickles.","1","Female","","296cce7c-1ad8-f011-8544-000d3a300ff9","Pickle","https://cdn.pixabay.com/photo/2015/11/16/14/43/cat-1045782_1280.jpg","75.25","75.25","Cat","1","0","","","3757921","a2230e98-9764-f011-bec2-6045bd08cc28","fa36cc89-5d64-f011-bec2-6045bd08cc28"
"Yes","Momo is a main coon. So she is bigger than other house cats. We found Momo in an alley. She was most likely dumped when her owners found out she wasn't a regular cat. so she needs a loving home that will accept her for who she is.","1","Female","","a392ac1a-9d68-f011-bec2-000d3a300ff9","Momo","https://cdn.pixabay.com/photo/2022/06/15/12/37/cat-7263838_1280.jpg","180","180","Cat","1","0","","","3757918","a2230e98-9764-f011-bec2-6045bd08cc28","fa36cc89-5d64-f011-bec2-6045bd08cc28"
"Yes","Ariel is named for her fiery red coat and bright teal eyes. Some say she looks like the little mermaid.","1","Female","","4a4ff7c8-f983-f011-b4cc-000d3a300ff9","Ariel","https://i.pinimg.com/originals/7d/3b/d0/7d3bd0b0e2924f088a09a6e3b836ee55.jpg","75","75","Cat","1","0","","","3757915","a2230e98-9764-f011-bec2-6045bd08cc28","fa36cc89-5d64-f011-bec2-6045bd08cc28"
"Yes","Chack is a duck who likes to EAT.","1","Male","","dc6281f9-1bd8-f011-8544-000d3a300ff9","Chack the Duck","https://cdn.pixabay.com/photo/2025/04/16/06/25/duck-9536937_1280.jpg","34.25","34.25","Bird","1","0","","","3757905","a2230e98-9764-f011-bec2-6045bd08cc28","fa36cc89-5d64-f011-bec2-6045bd08cc28"
"Yes","Porkie loves to fly around. He loves when you get him out of the cage and snuggle him.","1","Male","","b508fa99-1c67-f011-bec3-000d3a300ff9","Porkie Parrot","https://cdn.pixabay.com/photo/2013/02/21/19/02/animal-84485_1280.jpg","65","65","Bird","1","0","","","3757898","a2230e98-9764-f011-bec2-6045bd08cc28","fa36cc89-5d64-f011-bec2-6045bd08cc28"
"Yes","Big Froggy who loves to be held.","1","Male","","8c896e6f-afa9-f011-bbd3-000d3a300ff9","Frogger","https://cdn.pixabay.com/photo/2014/03/28/02/11/tree-frog-299888_1280.jpg","199.95","199.95","Amphibian","1","0","","","3757896","a2230e98-9764-f011-bec2-6045bd08cc28","fa36cc89-5d64-f011-bec2-6045bd08cc28"
"Yes","Apollo is an amazing young bobcat he is very sweet and absolutely loves to play. Some people may think he is big and dangerous but really he is really quite friendly and he makes a great guard.","1","Male","","8908fa99-1c67-f011-bec3-000d3a300ff9","Apollo","https://cdn.pixabay.com/photo/2016/11/23/13/19/animal-1852804_1280.jpg","150","150","Big cats","1","0","","","2856064","a2230e98-9764-f011-bec2-6045bd08cc28","fa36cc89-5d64-f011-bec2-6045bd08cc28"
"Yes","Rainbow is very playful and needs a great home where people can play with her daily she is very friendly towards everyone.                                                                                                                                                                                                                                                                                           ","1","Female","","a308fa99-1c67-f011-bec3-000d3a300ff9","Rainbow the Axolotl","https://cdn.pixabay.com/photo/2021/12/14/15/16/axolotl-6870652_1280.jpg","75","75","Amphibian","1","0","","","2856054","a2230e98-9764-f011-bec2-6045bd08cc28","fa36cc89-5d64-f011-bec2-6045bd08cc28"
"Yes","","1","female","","9308fa99-1c67-f011-bec3-000d3a300ff9","Jewel","https://cdn.pixabay.com/photo/2020/04/30/19/49/wolf-5114408_1280.jpg","185","185","Wolf + Fox","1","0","","","2493605","a2230e98-9764-f011-bec2-6045bd08cc28","fa36cc89-5d64-f011-bec2-6045bd08cc28"
"Yes","Ginger is an affectionate cat known for her excellent mouse-hunting skills. She is house-trained and enjoys cuddling, making her a delightful companion especially if you have a barn or a house that has mice.","1","Female","","a908fa99-1c67-f011-bec3-000d3a300ff9","Ginger","https://cdn.pixabay.com/photo/2020/09/29/08/14/cat-5612167_1280.jpg","75","75","Cat","1","0","","","2493603","a2230e98-9764-f011-bec2-6045bd08cc28","fa36cc89-5d64-f011-bec2-6045bd08cc28"
"Yes","Kyra is a beautiful feline who enjoys snuggling","1","Female","","8408fa99-1c67-f011-bec3-000d3a300ff9","Kyra","https://cdn.pixabay.com/photo/2023/09/28/17/10/cat-8282097_1280.jpg","75","75","Cat","1","0","","","2493598","a2230e98-9764-f011-bec2-6045bd08cc28","fa36cc89-5d64-f011-bec2-6045bd08cc28"
"Yes","Lilac is very sweet and gentle she would make the perfect edition to your family.","1","Female","","ccaa1867-2167-f011-bec3-000d3a300ff9","Lilac the parakeet","https://i.pinimg.com/originals/c0/27/57/c02757e15bce281243daeb69a88ab10a.jpg","35","35","Bird","1","0","","","2493596","a2230e98-9764-f011-bec2-6045bd08cc28","fa36cc89-5d64-f011-bec2-6045bd08cc28"
"Yes","","1","Male","","7308fa99-1c67-f011-bec3-000d3a300ff9","Stormfur","https://cdn.pixabay.com/photo/2018/09/10/23/33/rabbit-3668317_1280.jpg","55","55","Rabbit","1","0","","","2493592","a2230e98-9764-f011-bec2-6045bd08cc28","fa36cc89-5d64-f011-bec2-6045bd08cc28"
"Yes","Harley has a passion for swimming and excels in it. Although he is an older dog, he still enjoys playing. If you have a pool, Harley would be thrilled to splash around and have fun.","1","Male","","b008fa99-1c67-f011-bec3-000d3a300ff9","Harley","https://cdn.pixabay.com/photo/2020/03/06/23/11/dog-4908325_1280.jpg","100","100","Dog","1","0","","","2488506","a2230e98-9764-f011-bec2-6045bd08cc28","fa36cc89-5d64-f011-bec2-6045bd08cc28"
"Yes","Buddy is very friendly and loves kids,He is a very proud bird and is just a great bird to have around the house.","1","Male","","9808fa99-1c67-f011-bec3-000d3a300ff9","Buddy the Parrot","https://cdn.pixabay.com/photo/2018/09/22/17/05/parrot-3695678_1280.jpg","65","65","Bird","1","0","","","2488504","a2230e98-9764-f011-bec2-6045bd08cc28","fa36cc89-5d64-f011-bec2-6045bd08cc28"
"Yes","","1","","","9b2ba173-0568-f011-bec2-000d3a300ff9","S","https://1.bp.blogspot.com/-uaSQtrkO7B4/TdTUoA39E4I/AAAAAAAAAb4/aEe2ai31Nz0/s1600/horses-20.jpg","7000","7000","Horse and Pony","1","0","","","2488502","a2230e98-9764-f011-bec2-6045bd08cc28","fa36cc89-5d64-f011-bec2-6045bd08cc28"
"Yes","Cleo is an affectionate kitten who enjoys cuddling. She is eager to find a loving new home.","1","Female","","6275f29f-1c67-f011-bec3-000d3a300ff9","Cleo","https://cdn.pixabay.com/photo/2023/10/21/06/34/european-shorthair-8330819_1280.jpg","75","75","Cat","1","0","","","2488500","a2230e98-9764-f011-bec2-6045bd08cc28","fa36cc89-5d64-f011-bec2-6045bd08cc28"
"Yes","","1","","","a36b7160-986c-f011-bec3-000d3a300ff9","unnamed","https://cdn.pixabay.com/photo/2019/12/17/10/16/animal-4701318_1280.jpg","7000","7000","Horse and Pony","1","0","","","2488468","a2230e98-9764-f011-bec2-6045bd08cc28","fa36cc89-5d64-f011-bec2-6045bd08cc28"
"Yes","Cobbler is a lap kitty and is great for snuggling, she is potty trained and loves kids, she is beautiful, and a great cat.","1","Female","","9908fa99-1c67-f011-bec3-000d3a300ff9","Cobbler","https://cdn.pixabay.com/photo/2016/03/27/07/31/cat-1282309_1280.jpg","75","75","Cat","1","0","","","2488449","a2230e98-9764-f011-bec2-6045bd08cc28","fa36cc89-5d64-f011-bec2-6045bd08cc28"
"Yes","Mothwing is a small female rabbit who loves to be around people ","1","Female","","7908fa99-1c67-f011-bec3-000d3a300ff9","Mothwing","https://cdn.pixabay.com/photo/2014/06/21/08/43/rabbit-373691_1280.jpg","55","55","Rabbit","1","0","","","2488448","a2230e98-9764-f011-bec2-6045bd08cc28","fa36cc89-5d64-f011-bec2-6045bd08cc28"
"Yes","Crispy is an excellent cat who enjoys spending time outdoors to breathe in the fresh air.","1","Female","","8208fa99-1c67-f011-bec3-000d3a300ff9","Crispy","https://cdn.pixabay.com/photo/2023/07/13/07/00/cat-8124039_1280.jpg","75","75","Cat","1","0","","","2488446","a2230e98-9764-f011-bec2-6045bd08cc28","fa36cc89-5d64-f011-bec2-6045bd08cc28"
"Yes","Frita, the sweet-natured fox, embodies the essence of warmth and affection. With her striking bright orange coat, she captures the attention of all who encounter her. Frita is not just a beautiful creature; she is a gentle soul who adores cuddling, bringing joy and comfort to those around her. Her playful spirit and loving demeanor make her a cherished companion, radiating happiness wherever she goes. Truly, Frita is a remarkable girl, enchanting everyone with her delightful personality and stunning appearance.","1","Female","","8508fa99-1c67-f011-bec3-000d3a300ff9","Frita","https://cdn.pixabay.com/photo/2016/04/06/01/51/fox-1310840_1280.jpg","185","185","Wolf + Fox","1","0","","","2488444","a2230e98-9764-f011-bec2-6045bd08cc28","fa36cc89-5d64-f011-bec2-6045bd08cc28"
"Yes","","","male","","86f47d2a-c96b-f011-bec3-000d3a300ff9","unnamed","https://cdn.pixabay.com/photo/2023/04/04/12/04/horse-7899209_1280.jpg","","","Horse and Pony","1","0","","","2488437","","fa36cc89-5d64-f011-bec2-6045bd08cc28"
"No","","1","","","0097356b-0768-f011-bec2-000d3a300ff9","unnamed","https://cf.ltkcdn.net/aquariums/fish-names/images/orig/322970-1600x1066-betta-fish-names.jpg","15","15","Fish","1","0","","","2476361","a2230e98-9764-f011-bec2-6045bd08cc28","fa36cc89-5d64-f011-bec2-6045bd08cc28"
"No","","1","Female","","aa08fa99-1c67-f011-bec3-000d3a300ff9","Brownie the Monkey","https://cdn.pixabay.com/photo/2017/09/26/23/04/monkey-2790452_1280.jpg","55","55","Monkey","1","0","","","2476349","a2230e98-9764-f011-bec2-6045bd08cc28","fa36cc89-5d64-f011-bec2-6045bd08cc28"
"Yes","","1","Female","","01053f2b-9e68-f011-bec2-000d3a300ff9","Oreo","https://cdn.pixabay.com/photo/2023/10/01/12/27/border-collie-8287329_1280.jpg","100","100","Dog","1","0","","","1974358","a2230e98-9764-f011-bec2-6045bd08cc28","fa36cc89-5d64-f011-bec2-6045bd08cc28"
"Yes","Isla is a baby Iberian Lynx she is very sweet she loves to snuggle and is housetrained or you can put her outside she loves to play.","1","Female","","d1016e81-7c68-f011-bec2-000d3a300ff9","Isla the Iberian Lynx","https://cdn.pixabay.com/photo/2022/04/14/16/16/young-lynx-7132789_1280.jpg","150","150","Big cats","1","0","","","1974343","a2230e98-9764-f011-bec2-6045bd08cc28","fa36cc89-5d64-f011-bec2-6045bd08cc28"
"Yes","Beautiful Domino is a young border collie.  She is sweet, playful, energetic and loves to be around people.  She will quickly steal your heart and become a true member of your family.","1","Female","","ad08fa99-1c67-f011-bec3-000d3a300ff9","Domino","https://cdn.pixabay.com/photo/2019/09/05/07/50/border-collie-4453407_1280.jpg","100","100","Dog","1","0","","","1974335","a2230e98-9764-f011-bec2-6045bd08cc28","fa36cc89-5d64-f011-bec2-6045bd08cc28"
"Yes","","1","Female","","7708fa99-1c67-f011-bec3-000d3a300ff9","Tilly","https://cdn.pixabay.com/photo/2022/06/13/05/20/rabbit-7259280_1280.jpg","55","55","Rabbit","1","0","","","1956722","a2230e98-9764-f011-bec2-6045bd08cc28","fa36cc89-5d64-f011-bec2-6045bd08cc28"
"Yes","","1","","","8608fa99-1c67-f011-bec3-000d3a300ff9","Maggie","https://cdn.pixabay.com/photo/2016/04/18/10/17/wolf-1336229_1280.jpg","185","185","Wolf + Fox","1","0","","","1956705","a2230e98-9764-f011-bec2-6045bd08cc28","fa36cc89-5d64-f011-bec2-6045bd08cc28"
"Yes","","1","","","8d08fa99-1c67-f011-bec3-000d3a300ff9","a","https://cdn.pixabay.com/photo/2017/08/16/03/41/wildlife-park-2646370_1280.jpg","185","185","Wolf + Fox","1","0","","","1956703","a2230e98-9764-f011-bec2-6045bd08cc28","fa36cc89-5d64-f011-bec2-6045bd08cc28"
"Yes","","1","","","8b08fa99-1c67-f011-bec3-000d3a300ff9","Garden","https://cdn.pixabay.com/photo/2016/08/31/18/19/snake-1634293_1280.jpg","45","45","Reptiles","1","0","","","1956697","a2230e98-9764-f011-bec2-6045bd08cc28","fa36cc89-5d64-f011-bec2-6045bd08cc28"
"Yes","","1","","","8a08fa99-1c67-f011-bec3-000d3a300ff9","Goldy","https://cdn.pixabay.com/photo/2014/10/25/00/17/snake-501986_1280.jpg","45","45","Reptiles","1","0","","","1956695","a2230e98-9764-f011-bec2-6045bd08cc28","fa36cc89-5d64-f011-bec2-6045bd08cc28"
"Yes","","1","","","9708fa99-1c67-f011-bec3-000d3a300ff9","Sunny","https://cdn.pixabay.com/photo/2021/04/07/15/17/chameleon-6159370_1280.jpg","45","45","Reptiles","1","0","","","1956693","a2230e98-9764-f011-bec2-6045bd08cc28","fa36cc89-5d64-f011-bec2-6045bd08cc28"
"Yes","","1","","","74e71e1a-0768-f011-bec2-000d3a300ff9","unnamed","https://howtodoright.com/wp-content/uploads/2017/08/horse-07.jpg","20000","20000","Horse and Pony","1","0","","","1956691","a2230e98-9764-f011-bec2-6045bd08cc28","fa36cc89-5d64-f011-bec2-6045bd08cc28"
"Yes","Lena and Leo are a joyful brother and sister pair, known for their strong connection and inseparable nature.","1","Female and Male","","9508fa99-1c67-f011-bec3-000d3a300ff9","Lena and Leo","https://cdn.pixabay.com/photo/2020/10/17/18/20/wolves-5662947_1280.jpg","185","185","Wolf + Fox","1","0","","","1956673","a2230e98-9764-f011-bec2-6045bd08cc28","fa36cc89-5d64-f011-bec2-6045bd08cc28"
"Yes","This sweet little bird loves your company. Zippy loves to play he is also very good with children.","1","Male","","7c08fa99-1c67-f011-bec3-000d3a300ff9","Zippy the Humming bird","https://cdn.pixabay.com/photo/2017/02/07/16/47/kingfisher-2046453_1280.jpg","43","43","Bird","1","0","","","1956639","a2230e98-9764-f011-bec2-6045bd08cc28","fa36cc89-5d64-f011-bec2-6045bd08cc28"
"Yes","Tyra is a beautiful amazing leopard she is very friendly and good with people she is a very sweet girl, even though she is big but she will not hurt you.","1","Female","","8108fa99-1c67-f011-bec3-000d3a300ff9","Tyra the Leopard","https://cdn.pixabay.com/photo/2012/03/01/00/28/animal-19621_1280.jpg","150","150","Big cats","1","0","","","1956635","a2230e98-9764-f011-bec2-6045bd08cc28","fa36cc89-5d64-f011-bec2-6045bd08cc28"
"Yes","Timmy is a handsome tiger he is the perfect pet if you are looking for a pet tiger he is the best of his kind.","1","Male","","b408fa99-1c67-f011-bec3-000d3a300ff9","Timmy","https://cdn.pixabay.com/photo/2016/01/22/16/57/tiger-1156193_1280.jpg","150","150","Big cats","1","0","","","1956632","a2230e98-9764-f011-bec2-6045bd08cc28","fa36cc89-5d64-f011-bec2-6045bd08cc28"
"Yes","Sita is very playful she is good with kids she loves to be outside and loves to run. She will need a very big yard to play in, and lots of space but other than that she is the perfect pet looking for her forever home.","1","Female","","8708fa99-1c67-f011-bec3-000d3a300ff9","Sita the Cheetah","https://cdn.pixabay.com/photo/2022/09/07/09/29/cheetah-7438381_1280.jpg","150","150","Big cats","1","0","","","1949736","a2230e98-9764-f011-bec2-6045bd08cc28","fa36cc89-5d64-f011-bec2-6045bd08cc28"
"Yes","Athena is a very calm lynx she is very good with children. Athena loves to be with people once you have a bond with her she loves to be with her owner she is housetrained but you could also leave her outside she is a very sweet girl and is looking for her forever family.","1","Female","","7f08fa99-1c67-f011-bec3-000d3a300ff9","Athena","https://cdn.pixabay.com/photo/2014/02/27/16/09/lynx-275982_1280.jpg","150","150","Big cats","1","0","","","1949734","a2230e98-9764-f011-bec2-6045bd08cc28","fa36cc89-5d64-f011-bec2-6045bd08cc28"
"Yes","","1","Male","","b308fa99-1c67-f011-bec3-000d3a300ff9","Moji","https://cdn.pixabay.com/photo/2015/02/19/12/22/golden-retriever-642016_1280.jpg","100","100","Dog","1","0","","","1949686","a2230e98-9764-f011-bec2-6045bd08cc28","fa36cc89-5d64-f011-bec2-6045bd08cc28"
"Yes","","1","Male","","b208fa99-1c67-f011-bec3-000d3a300ff9","Ricky","https://cdn.pixabay.com/photo/2012/10/06/04/16/siberian-husky-60046_1280.jpg","100","100","Dog","1","0","","","1949685","a2230e98-9764-f011-bec2-6045bd08cc28","fa36cc89-5d64-f011-bec2-6045bd08cc28"
"Yes","Spidey and Spunkey are sweet siblings who were abandoned by there troop because the troop did not have enough food for them. Their mother was later captured by the zoo because she could't keep up with the troop. She slowed down because it broke her heart to leave her son and daughter behind.  We found them and took them in.  We want them to go toether to their forever home because we don't want their hearts broken again. ","1","Male and Female","","b108fa99-1c67-f011-bec3-000d3a300ff9","Spidey and Spunkey the Monkey","https://cdn.pixabay.com/photo/2022/02/14/02/39/animal-7012354_1280.jpg","110","110","Monkey","1","0","","","1949684","a2230e98-9764-f011-bec2-6045bd08cc28","fa36cc89-5d64-f011-bec2-6045bd08cc28"
"Yes","Hunter is a sweet, very active Husky. He was named Hunter because he loves to play hide-n-seek with people and things.If you hide from him, he will surely find you.If you hide a treat he will also hunt until he finds it.If you leave your toys or socks on the floor, Hunter will hide them and later hunt them for you.  ","1","Male","","ae08fa99-1c67-f011-bec3-000d3a300ff9","Hunter","https://cdn.pixabay.com/photo/2022/12/11/16/26/dog-7649247_1280.jpg","100","100","Dog","1","0","","","1949680","a2230e98-9764-f011-bec2-6045bd08cc28","fa36cc89-5d64-f011-bec2-6045bd08cc28"
"Yes","Our Bengal cat is an excellent companion; she is fully house-trained and has a fondness for children.","1","Female","","ab08fa99-1c67-f011-bec3-000d3a300ff9","Leopardfur","https://cdn.pixabay.com/photo/2023/05/23/15/26/bengal-cat-8012974_1280.jpg","75","75","Cat","1","0","","","1949677","a2230e98-9764-f011-bec2-6045bd08cc28","fa36cc89-5d64-f011-bec2-6045bd08cc28"
"Yes","Chocolate is a playful puppy who tends to chew on shoes, so it's advisable to keep them out of reach. Additionally, he requires plenty of playtime to stay happy and engaged.","1","Male","","a808fa99-1c67-f011-bec3-000d3a300ff9","Chocolate","https://cdn.pixabay.com/photo/2015/06/11/14/24/labrador-805856_1280.jpg","100","100","Dog","1","0","","","1949674","a2230e98-9764-f011-bec2-6045bd08cc28","fa36cc89-5d64-f011-bec2-6045bd08cc28"
"Yes","Kangy is a mini kangaroo so she will stay this size and she is a really good girl ","1"," Female","","a708fa99-1c67-f011-bec3-000d3a300ff9","Kangy the Kangaroo","https://cdn.pixabay.com/photo/2022/09/16/23/51/kangaroo-7459870_1280.jpg","100","100","Marsupial","1","0","","","1949673","a2230e98-9764-f011-bec2-6045bd08cc28","fa36cc89-5d64-f011-bec2-6045bd08cc28"
"Yes","Isabella, affectionately known as Izzy, is a gentle and affectionate cat we discovered on the streets, likely abandoned. She is in need of a caring family to provide her with the love and support she deserves.","1","Female","","a608fa99-1c67-f011-bec3-000d3a300ff9","Isabella","https://cdn.pixabay.com/photo/2018/03/09/02/06/cute-3210439_1280.jpg","75","75","Cat","1","0","","","1949672","a2230e98-9764-f011-bec2-6045bd08cc28","fa36cc89-5d64-f011-bec2-6045bd08cc28"
"Yes","Ginny is a fiesty lion head and aproximatly 6 months old and looking for her
forever home she is housebroken and has lovely manners","1","Female","","a508fa99-1c67-f011-bec3-000d3a300ff9","Ginny","https://cdn.pixabay.com/photo/2017/04/10/12/51/hare-2218452_1280.jpg","55","55","Rabbit","1","0","","","1949671","a2230e98-9764-f011-bec2-6045bd08cc28","fa36cc89-5d64-f011-bec2-6045bd08cc28"
"Yes","Miracle is a cat that has a long story but let me tell you what we know..we found Miracle as a kitten on the streets she was lying on her side she was in awful shape she had wounds on both of her ears and cuts all over her so we took her to the vet the veterinarian cleaned her wounds and in 3 days her cuts healed but her ears were still in terible shape 3 more days passed and she was out but the veterinarian said she would never hear again so Miracle needs a calm home with no kids and a very loving family and home","1","Female","","a408fa99-1c67-f011-bec3-000d3a300ff9","Miracle","https://cdn.pixabay.com/photo/2017/09/07/17/44/siam-2726108_1280.jpg","75","75","Cat","1","0","","","1949670","a2230e98-9764-f011-bec2-6045bd08cc28","fa36cc89-5d64-f011-bec2-6045bd08cc28"
"Yes","Pirate is a cute little thief he steals your house shoes because thats his favorite toy so keep them out of his reach but other then that he is really sweet and well behaved","1","Male","","a208fa99-1c67-f011-bec3-000d3a300ff9","Pirate","https://cdn.pixabay.com/photo/2018/05/08/01/11/dalmation-dog-3382090_1280.jpg","100","100","Dog","1","0","","","1949668","a2230e98-9764-f011-bec2-6045bd08cc28","fa36cc89-5d64-f011-bec2-6045bd08cc28"
"Yes","Suzy is such a sweet girl probably  the sweetest her she loves everyone and is house trained ","1","Female","","a108fa99-1c67-f011-bec3-000d3a300ff9","Suzy","https://cdn.pixabay.com/photo/2017/02/27/20/33/puppy-2104175_1280.jpg","100","100","Dog","1","0","","","1949667","a2230e98-9764-f011-bec2-6045bd08cc28","fa36cc89-5d64-f011-bec2-6045bd08cc28"
"Yes","Norie is a great dog she is going to have puppies so if you want 4 puppies and grown dog then Norie is the way to go Norie is potty trained and loves kids","1","Female","","a008fa99-1c67-f011-bec3-000d3a300ff9","Norie","https://cdn.pixabay.com/photo/2018/12/15/02/57/dog-3876198_1280.jpg","100","100","Dog","1","0","","","1949666","a2230e98-9764-f011-bec2-6045bd08cc28","fa36cc89-5d64-f011-bec2-6045bd08cc28"
"Yes","Sadie is a very cute kitten and she is looking for her forever home she is very playful","1","Female","","9f08fa99-1c67-f011-bec3-000d3a300ff9","Sadie","https://cdn.pixabay.com/photo/2018/03/22/23/21/cute-3252251_1280.jpg","75","75","Cat","1","0","","","1949665","a2230e98-9764-f011-bec2-6045bd08cc28","fa36cc89-5d64-f011-bec2-6045bd08cc28"
"Yes","Slither loves to watch Harry Potter and is a fan of Nagini Slither likes people and likes to curl up and take a nap and she has special toys because she doesn't have good eyesight","1","Female","","9e08fa99-1c67-f011-bec3-000d3a300ff9","Slither","https://cdn.pixabay.com/photo/2018/02/06/20/27/snake-3135638_1280.jpg","45","45","Reptiles","1","0","","","1949664","a2230e98-9764-f011-bec2-6045bd08cc28","fa36cc89-5d64-f011-bec2-6045bd08cc28"
"Yes","Mrs. Norris is a middle-aged female cat with a spirited personality. Once she is out of sight, she disappears in an instant, moving swiftly and stealthily as she explores her surroundings. Her long fur requires weekly grooming to keep it in good condition.","1","Female","","9d08fa99-1c67-f011-bec3-000d3a300ff9","Mrs. Norris","https://cdn.pixabay.com/photo/2021/12/17/19/15/pet-6877246_1280.jpg","75","75","Cat","1","0","","","1949663","a2230e98-9764-f011-bec2-6045bd08cc28","fa36cc89-5d64-f011-bec2-6045bd08cc28"
"Yes","Stella has had a really tough life and needs a quiet loving home she is a really sweet cat ","1","Female","","9c08fa99-1c67-f011-bec3-000d3a300ff9","Stella","https://cdn.pixabay.com/photo/2023/06/22/15/17/cat-8081701_1280.jpg","75","75","Cat","1","0","","","1949662","a2230e98-9764-f011-bec2-6045bd08cc28","fa36cc89-5d64-f011-bec2-6045bd08cc28"
"Yes","Talon is a very proud and noble bird,he is a devine bird and is very friendly, he is great with kids we bought Talon from Dollywood ","1","Male","","9b08fa99-1c67-f011-bec3-000d3a300ff9","Talon the Eagle","https://cdn.pixabay.com/photo/2014/05/11/13/39/bird-341898_1280.jpg","65","65","Bird","1","0","","","1949661","a2230e98-9764-f011-bec2-6045bd08cc28","fa36cc89-5d64-f011-bec2-6045bd08cc28"
"Yes","Crystal is an elderly cat who possesses a unique ability to provide comfort when someone is unwell. Despite her age, she is fully potty trained and has a gentle disposition, making her a great companion for children. Crystal is in need of a loving home where she can continue to share her warmth and affection.","1","Female","","9a08fa99-1c67-f011-bec3-000d3a300ff9","Crystal","https://cdn.pixabay.com/photo/2016/03/28/10/05/kitten-1285341_1280.jpg","75","75","Cat","1","0","","","1949660","a2230e98-9764-f011-bec2-6045bd08cc28","fa36cc89-5d64-f011-bec2-6045bd08cc28"
"Yes","","1","Male","","9608fa99-1c67-f011-bec3-000d3a300ff9","Rosco","https://cdn.pixabay.com/photo/2017/05/23/21/32/wolf-2338673_1280.jpg","185","185","Wolf + Fox","1","0","","","1949656","a2230e98-9764-f011-bec2-6045bd08cc28","fa36cc89-5d64-f011-bec2-6045bd08cc28"
"Yes","","1","Female","","9408fa99-1c67-f011-bec3-000d3a300ff9","Cocoa","https://cdn.pixabay.com/photo/2020/03/18/16/03/wolf-4944634_1280.jpg","185","185","Wolf + Fox","1","0","","","1949654","a2230e98-9764-f011-bec2-6045bd08cc28","fa36cc89-5d64-f011-bec2-6045bd08cc28"
"Yes","","1","Male and female","","9208fa99-1c67-f011-bec3-000d3a300ff9","Smoky and Siera the wolves","https://cdn.pixabay.com/photo/2015/10/09/22/44/nature-980147_1280.jpg","185","185","Wolf + Fox","1","0","","","1949652","a2230e98-9764-f011-bec2-6045bd08cc28","fa36cc89-5d64-f011-bec2-6045bd08cc28"
"Yes","","1","Male","","9108fa99-1c67-f011-bec3-000d3a300ff9","King","https://cdn.pixabay.com/photo/2019/08/28/14/07/wolf-4436868_1280.jpg","185","185","Wolf + Fox","1","0","","","1949651","a2230e98-9764-f011-bec2-6045bd08cc28","fa36cc89-5d64-f011-bec2-6045bd08cc28"
"Yes","","1","Male and Female","","9008fa99-1c67-f011-bec3-000d3a300ff9","Riley and Ricky","https://cdn.pixabay.com/photo/2016/05/11/00/09/wolf-1384945_1280.jpg","185","185","Wolf + Fox","1","0","","","1949650","a2230e98-9764-f011-bec2-6045bd08cc28","fa36cc89-5d64-f011-bec2-6045bd08cc28"
"Yes","These two brothers are quite playful, and while their antics may sometimes be a bit rough, there is no need for concern as they are unlikely to cause harm to themselves or others.","1","Males","","8f08fa99-1c67-f011-bec3-000d3a300ff9","Tangy and Twisty the wolves","https://cdn.pixabay.com/photo/2021/12/17/17/45/mexican-wolves-6877045_1280.jpg","185","185","Wolf + Fox","1","0","","","1949649","a2230e98-9764-f011-bec2-6045bd08cc28","fa36cc89-5d64-f011-bec2-6045bd08cc28"
"Yes","","1","Male","","8e08fa99-1c67-f011-bec3-000d3a300ff9","Shadow","https://cdn.pixabay.com/photo/2016/06/17/18/46/wolf-1463839_1280.jpg","185","185","Wolf + Fox","1","0","","","1949648","a2230e98-9764-f011-bec2-6045bd08cc28","fa36cc89-5d64-f011-bec2-6045bd08cc28"
"Yes","","1","Males","","8c08fa99-1c67-f011-bec3-000d3a300ff9","Jupiter and Neptune","https://cdn.pixabay.com/photo/2017/03/27/11/19/wolves-2178126_1280.jpg","185","185","Wolf + Fox","1","0","","","1949646","a2230e98-9764-f011-bec2-6045bd08cc28","fa36cc89-5d64-f011-bec2-6045bd08cc28"
"Yes","","1","Male","","8808fa99-1c67-f011-bec3-000d3a300ff9","Rocky","https://cdn.pixabay.com/photo/2017/01/19/16/15/wolf-1992716_1280.jpg","185","185","Wolf + Fox","1","0","","","1949642","a2230e98-9764-f011-bec2-6045bd08cc28","fa36cc89-5d64-f011-bec2-6045bd08cc28"
"Yes","","1","Male","","8008fa99-1c67-f011-bec3-000d3a300ff9","Orange","https://cdn.pixabay.com/photo/2016/04/06/01/32/red-fox-1310826_1280.jpg","185","185","Wolf + Fox","1","0","","","1949634","a2230e98-9764-f011-bec2-6045bd08cc28","fa36cc89-5d64-f011-bec2-6045bd08cc28"
"Yes","Calypso is an inquisitive girl who enjoys playing hide and seek and delights in being cuddled.","1","Female","","7d08fa99-1c67-f011-bec3-000d3a300ff9","Calypso (Cali)","https://cdn.pixabay.com/photo/2022/12/31/14/32/cat-7688749_1280.jpg","75","75","Cat","1","0","","","1949631","a2230e98-9764-f011-bec2-6045bd08cc28","fa36cc89-5d64-f011-bec2-6045bd08cc28"
"Yes","Tangerine is a delightful little fox, radiating sweetness and charm. With her playful spirit and affectionate nature, she embodies the joy of companionship. This beautiful girl has a heart full of love, especially for children, making her the perfect addition to your family. Her fun-loving demeanor and gentle personality ensure that she will bring endless happiness and warmth to any home. Tangerine truly deserves a loving family that will cherish her and provide her with the care and affection she so richly deserves.","1","Female","","7b08fa99-1c67-f011-bec3-000d3a300ff9","Tangerine the Fox","https://cdn.pixabay.com/photo/2016/12/05/11/39/fox-1883658_1280.jpg","185","185","Wolf + Fox","1","0","","","1949629","a2230e98-9764-f011-bec2-6045bd08cc28","fa36cc89-5d64-f011-bec2-6045bd08cc28"
"Yes","","1","Male","","7a08fa99-1c67-f011-bec3-000d3a300ff9","Jay Jay the Squirrel","https://cdn.pixabay.com/photo/2022/07/31/03/08/squirrel-7354870_1280.jpg","55","55","Rodent","1","0","","","1949628","a2230e98-9764-f011-bec2-6045bd08cc28","fa36cc89-5d64-f011-bec2-6045bd08cc28"
"Yes","","1","Male","","7808fa99-1c67-f011-bec3-000d3a300ff9","Stripe","https://cdn.pixabay.com/photo/2023/03/17/18/29/rabbit-7859248_1280.jpg","55","55","Rabbit","1","0","","","1949626","a2230e98-9764-f011-bec2-6045bd08cc28","fa36cc89-5d64-f011-bec2-6045bd08cc28"
"Yes","","1","Female","","7608fa99-1c67-f011-bec3-000d3a300ff9","Squirlflight","https://cdn.pixabay.com/photo/2018/09/22/05/43/rabbit-3694556_1280.jpg","55","55","Rabbit","1","0","","","1949624","a2230e98-9764-f011-bec2-6045bd08cc28","fa36cc89-5d64-f011-bec2-6045bd08cc28"
"Yes","","1","Female","","7508fa99-1c67-f011-bec3-000d3a300ff9","Lionheart","https://cdn.pixabay.com/photo/2017/08/14/18/07/rabbit-2641352_1280.jpg","55","55","Rabbit","1","0","","","1949623","a2230e98-9764-f011-bec2-6045bd08cc28","fa36cc89-5d64-f011-bec2-6045bd08cc28"
"Yes","","1","Female","","7408fa99-1c67-f011-bec3-000d3a300ff9","Chilipowder","https://cdn.pixabay.com/photo/2018/11/03/16/43/rabbit-3792390_1280.jpg","55","55","Rabbit","1","0","","","1949622","a2230e98-9764-f011-bec2-6045bd08cc28","fa36cc89-5d64-f011-bec2-6045bd08cc28"
"Yes","","1","Male","","7208fa99-1c67-f011-bec3-000d3a300ff9","Shadows","https://cdn.pixabay.com/photo/2015/05/20/07/11/hare-774906_1280.jpg","55","55","Rabbit","1","0","","","1949620","a2230e98-9764-f011-bec2-6045bd08cc28","fa36cc89-5d64-f011-bec2-6045bd08cc28"
"Yes","","1","Female","","7108fa99-1c67-f011-bec3-000d3a300ff9","Graypool","https://cdn.pixabay.com/photo/2021/11/13/11/52/rabbit-6791099_1280.jpg","55","55","Rabbit","1","0","","","1949619","a2230e98-9764-f011-bec2-6045bd08cc28","fa36cc89-5d64-f011-bec2-6045bd08cc28"
"Yes","","1","Female","","7008fa99-1c67-f011-bec3-000d3a300ff9","Spottedpetal","https://cdn.pixabay.com/photo/2023/03/16/14/22/rabbit-7856837_1280.jpg","55","55","Rabbit","1","0","","","1949618","a2230e98-9764-f011-bec2-6045bd08cc28","fa36cc89-5d64-f011-bec2-6045bd08cc28"
"Yes","","1","Female","","6f08fa99-1c67-f011-bec3-000d3a300ff9","Leafoapple","https://cdn.pixabay.com/photo/2020/02/09/21/51/rabbit-4834688_1280.jpg","55","55","Rabbit","1","0","","","1949617","a2230e98-9764-f011-bec2-6045bd08cc28","fa36cc89-5d64-f011-bec2-6045bd08cc28"
"Yes","","1","Female","","6e08fa99-1c67-f011-bec3-000d3a300ff9","Spottedleaf","https://cdn.pixabay.com/photo/2023/03/16/14/17/rabbit-7856823_1280.jpg","55","55","Rabbit","1","0","","","1949616","a2230e98-9764-f011-bec2-6045bd08cc28","fa36cc89-5d64-f011-bec2-6045bd08cc28"
"Yes","","1","Female","","6d08fa99-1c67-f011-bec3-000d3a300ff9","Cinderpelt","https://cdn.pixabay.com/photo/2023/02/19/02/27/ai-generated-7799072_1280.jpg","55","55","Rabbit","1","0","","","1949614","a2230e98-9764-f011-bec2-6045bd08cc28","fa36cc89-5d64-f011-bec2-6045bd08cc28"
"Yes","","1","Male","","6c08fa99-1c67-f011-bec3-000d3a300ff9","Firestar","https://cdn.pixabay.com/photo/2019/07/07/07/18/hare-4321913_1280.jpg","55","55","Rabbit","1","0","","","1949613","a2230e98-9764-f011-bec2-6045bd08cc28","fa36cc89-5d64-f011-bec2-6045bd08cc28"
"Yes","","1","Female","","6b08fa99-1c67-f011-bec3-000d3a300ff9","Bluey","https://cdn.pixabay.com/photo/2023/01/17/22/45/rabbit-7725748_1280.jpg","55","55","Rabbit","1","0","","","1949612","a2230e98-9764-f011-bec2-6045bd08cc28","fa36cc89-5d64-f011-bec2-6045bd08cc28"
"Yes","","1","Male","","6a08fa99-1c67-f011-bec3-000d3a300ff9","Littlecloud","https://cdn.pixabay.com/photo/2018/08/24/20/18/rabbit-3628793_1280.jpg","55","55","Rabbit","1","0","","","1949610","a2230e98-9764-f011-bec2-6045bd08cc28","fa36cc89-5d64-f011-bec2-6045bd08cc28"
"Yes","","1","Female","","6908fa99-1c67-f011-bec3-000d3a300ff9","Cloudtail","https://cdn.pixabay.com/photo/2016/01/13/13/17/baby-1137733_1280.jpg","55","55","Rabbit","1","0","","","1949609","a2230e98-9764-f011-bec2-6045bd08cc28","fa36cc89-5d64-f011-bec2-6045bd08cc28"
"Yes","","1","Female","","6808fa99-1c67-f011-bec3-000d3a300ff9","Chili","https://cdn.pixabay.com/photo/2015/07/10/14/52/hare-839297_1280.jpg","55","55","Rabbit","1","0","","","1949608","a2230e98-9764-f011-bec2-6045bd08cc28","fa36cc89-5d64-f011-bec2-6045bd08cc28"
"Yes","","1","Female","","6708fa99-1c67-f011-bec3-000d3a300ff9","Leafpool","https://cdn.pixabay.com/photo/2019/10/24/21/20/dwarf-rabbit-4575393_1280.jpg","55","55","Rabbit","1","0","","","1949607","a2230e98-9764-f011-bec2-6045bd08cc28","fa36cc89-5d64-f011-bec2-6045bd08cc28"
"Yes","","1","Female","","6608fa99-1c67-f011-bec3-000d3a300ff9","Whitestripe","https://cdn.pixabay.com/photo/2015/06/01/12/34/hare-793278_1280.jpg","55","55","Rabbit","1","0","","","1949606","a2230e98-9764-f011-bec2-6045bd08cc28","fa36cc89-5d64-f011-bec2-6045bd08cc28"
"Yes","","1","Male","","6508fa99-1c67-f011-bec3-000d3a300ff9","Graystripe","https://cdn.pixabay.com/photo/2018/08/01/22/50/rabbit-3578422_1280.jpg","55","55","Rabbit","1","0","","","1949605","a2230e98-9764-f011-bec2-6045bd08cc28","fa36cc89-5d64-f011-bec2-6045bd08cc28"
"Yes","","1","Male","","6408fa99-1c67-f011-bec3-000d3a300ff9","Hawkfrost","https://cdn.pixabay.com/photo/2018/09/29/21/18/rabbit-3712339_1280.jpg","55","55","Rabbit","1","0","","","1949604","a2230e98-9764-f011-bec2-6045bd08cc28","fa36cc89-5d64-f011-bec2-6045bd08cc28"
"Yes","","1","Female","","6308fa99-1c67-f011-bec3-000d3a300ff9","Sandstorm","https://cdn.pixabay.com/photo/2016/09/18/20/48/hare-1679003_1280.jpg","55","55","Rabbit","1","0","","","1949603","a2230e98-9764-f011-bec2-6045bd08cc28","fa36cc89-5d64-f011-bec2-6045bd08cc28"
"Yes","","1","Female","","6208fa99-1c67-f011-bec3-000d3a300ff9","Bluestar","https://cdn.pixabay.com/photo/2019/04/07/15/35/rabbit-4109971_1280.jpg","55","55","Rabbit","1","0","","","1949602","a2230e98-9764-f011-bec2-6045bd08cc28","fa36cc89-5d64-f011-bec2-6045bd08cc28"
"Yes","","1","Female","","6108fa99-1c67-f011-bec3-000d3a300ff9","Breezepaw","https://cdn.pixabay.com/photo/2017/08/16/21/10/rabbit-2649157_1280.png","55","55","Rabbit","1","0","","","1949601","a2230e98-9764-f011-bec2-6045bd08cc28","fa36cc89-5d64-f011-bec2-6045bd08cc28"
"Yes","","1","Male","","6008fa99-1c67-f011-bec3-000d3a300ff9","Nightcoud","https://cdn.pixabay.com/photo/2022/07/20/12/01/rabbit-7334033_1280.jpg","55","55","Rabbit","1","0","","","1949600","a2230e98-9764-f011-bec2-6045bd08cc28","fa36cc89-5d64-f011-bec2-6045bd08cc28"
"Yes","","1","Male","","5f08fa99-1c67-f011-bec3-000d3a300ff9","Boulder","https://cdn.pixabay.com/photo/2016/02/28/11/19/hare-1226813_1280.jpg","55","55","Rabbit","1","0","","","1949599","a2230e98-9764-f011-bec2-6045bd08cc28","fa36cc89-5d64-f011-bec2-6045bd08cc28"
"Yes","","1","Female","","5e08fa99-1c67-f011-bec3-000d3a300ff9","Whitespot","https://cdn.pixabay.com/photo/2010/11/30/hare-580_1280.jpg","55","55","Rabbit","1","0","","","1949598","a2230e98-9764-f011-bec2-6045bd08cc28","fa36cc89-5d64-f011-bec2-6045bd08cc28"
"Yes","","1","Male","","5d08fa99-1c67-f011-bec3-000d3a300ff9","Smudge","https://cdn.pixabay.com/photo/2018/10/01/13/32/rabbit-3716254_1280.jpg","55","55","Rabbit","1","0","","","1949597","a2230e98-9764-f011-bec2-6045bd08cc28","fa36cc89-5d64-f011-bec2-6045bd08cc28"
"Yes","","1","Male","","5c08fa99-1c67-f011-bec3-000d3a300ff9","Brownspots","https://cdn.pixabay.com/photo/2010/11/30/hare-581_1280.jpg","55","55","Rabbit","1","0","","","1949596","a2230e98-9764-f011-bec2-6045bd08cc28","fa36cc89-5d64-f011-bec2-6045bd08cc28"
"Yes","","1","Female","","5b08fa99-1c67-f011-bec3-000d3a300ff9","Willowpaw","https://cdn.pixabay.com/photo/2016/06/06/21/19/rabbit-1440432_1280.jpg","55","55","Rabbit","1","0","","","1949595","a2230e98-9764-f011-bec2-6045bd08cc28","fa36cc89-5d64-f011-bec2-6045bd08cc28"
"Yes","","1","Female","","5a08fa99-1c67-f011-bec3-000d3a300ff9","Echosong","https://cdn.pixabay.com/photo/2014/04/05/11/10/lop-eared-314881_1280.jpg","55","55","Rabbit","1","0","","","1949594","a2230e98-9764-f011-bec2-6045bd08cc28","fa36cc89-5d64-f011-bec2-6045bd08cc28"
"Yes","","1","Female","","5908fa99-1c67-f011-bec3-000d3a300ff9","Longear","https://cdn.pixabay.com/photo/2012/08/30/18/48/rabbit-55347_1280.jpg","55","55","Rabbit","1","0","","","1949593","a2230e98-9764-f011-bec2-6045bd08cc28","fa36cc89-5d64-f011-bec2-6045bd08cc28"
"Yes","","1","Female","","5808fa99-1c67-f011-bec3-000d3a300ff9","Millie","https://cdn.pixabay.com/photo/2017/09/13/19/49/rabbit-2746741_1280.jpg","55","55","Rabbit","1","0","","","1949592","a2230e98-9764-f011-bec2-6045bd08cc28","fa36cc89-5d64-f011-bec2-6045bd08cc28"
"Yes","","1","Male","","5708fa99-1c67-f011-bec3-000d3a300ff9","Onespot","https://cdn.pixabay.com/photo/2019/05/08/15/40/rabbit-4188924_1280.jpg","55","55","Rabbit","1","0","","","1949591","a2230e98-9764-f011-bec2-6045bd08cc28","fa36cc89-5d64-f011-bec2-6045bd08cc28"
"Yes","","1","Female","","5608fa99-1c67-f011-bec3-000d3a300ff9","Tawnypelt","https://cdn.pixabay.com/photo/2023/03/19/20/59/rabbit-7863312_1280.jpg","55","55","Rabbit","1","0","","","1949590","a2230e98-9764-f011-bec2-6045bd08cc28","fa36cc89-5d64-f011-bec2-6045bd08cc28"
"Yes","","1","Female","","5508fa99-1c67-f011-bec3-000d3a300ff9","Ashfur","https://cdn.pixabay.com/photo/2021/12/15/04/48/animal-6871771_1280.jpg","55","55","Rabbit","1","0","","","1949589","a2230e98-9764-f011-bec2-6045bd08cc28","fa36cc89-5d64-f011-bec2-6045bd08cc28"
"Yes","","1","Female","","5408fa99-1c67-f011-bec3-000d3a300ff9","Brightheart","https://cdn.pixabay.com/photo/2020/02/29/18/59/rabbit-4890861_1280.jpg","55","55","Rabbit","1","0","","","1949587","a2230e98-9764-f011-bec2-6045bd08cc28","fa36cc89-5d64-f011-bec2-6045bd08cc28"
"Yes","","1","Male","","5308fa99-1c67-f011-bec3-000d3a300ff9","Cody","https://cdn.pixabay.com/photo/2019/05/05/15/06/snake-4180800_1280.jpg","45","45","Reptiles","1","0","","","1949586","a2230e98-9764-f011-bec2-6045bd08cc28","fa36cc89-5d64-f011-bec2-6045bd08cc28"
"Yes","","1","Female","","5208fa99-1c67-f011-bec3-000d3a300ff9","Goldy the Monkey","https://cdn.pixabay.com/photo/2024/04/30/03/09/golden-lion-tamarin-8729200_1280.jpg","55","55","Monkey","1","0","","","1949585","a2230e98-9764-f011-bec2-6045bd08cc28","fa36cc89-5d64-f011-bec2-6045bd08cc28"
"Yes","","1","Male","","5108fa99-1c67-f011-bec3-000d3a300ff9","Gyro","https://cdn.pixabay.com/photo/2017/09/01/15/41/dog-2704553_1280.jpg","100","100","Dog","1","0","","","1949584","a2230e98-9764-f011-bec2-6045bd08cc28","fa36cc89-5d64-f011-bec2-6045bd08cc28"
